apiuser1@yopmail.com,welcome
apiuser2@yopmail.com,welcome
apiuser3@yopmail.com,welcome
apiuser4@yopmail.com,welcome
apiuser5@yopmail.com,welcome
apiuser6@yopmail.com,welcome
apiuser7@yopmail.com,welcome
apiuser8@yopmail.com,welcome
apiuser9@yopmail.com,welcome
apiuser10@yopmail.com,welcome
apiuser11@yopmail.com,welcome
apiuser12@yopmail.com,welcome
apiuser13@yopmail.com,welcome
apiuser14@yopmail.com,welcome
apiuser15@yopmail.com,welcome
apiuser16@yopmail.com,welcome
apiuser17@yopmail.com,welcome
apiuser18@yopmail.com,welcome
apiuser19@yopmail.com,welcome
apiuser20@yopmail.com,welcome